Category,Gap,Feature,Capability,Integration,Innovative/Quantum
Infrastructure & Data,Missing low-data optimization,Fix Missing low-data optimization -> AI Adaptive Low-Data Optimization Engine,Dynamic ABR/CDN for missing low-data optimization; 70% data savings,Cloudflare + Telco APIs,Quantum routing sim for edge optimization
Infrastructure & Data,No offline PWA,Fix No offline PWA -> AI Adaptive No Offline Pwa Engine,Dynamic ABR/CDN for no offline pwa; 70% data savings,Cloudflare + Telco APIs,AI personalization
Infrastructure & Data,CDN rural gaps,Fix CDN rural gaps -> AI Adaptive Cdn Rural Gaps Engine,Dynamic ABR/CDN for cdn rural gaps; 70% data savings,Cloudflare + Telco APIs,AI personalization
Infrastructure & Data,Double-tax sub+data,Fix Double-tax sub+data -> AI Adaptive Double-Tax Sub+Data Engine,Dynamic ABR/CDN for double-tax sub+data; 70% data savings,Cloudflare + Telco APIs,Quantum routing sim for edge optimization
Infrastructure & Data,Device fragmentation,Fix Device fragmentation -> AI Adaptive Device Fragmentation Engine,Dynamic ABR/CDN for device fragmentation; 70% data savings,Cloudflare + Telco APIs,AI personalization
Pricing & Economics,Subs > data costs,Fix Subs > data costs -> AI Adaptive Subs > Data Costs Engine,Dynamic ABR/CDN for subs > data costs; 70% data savings,Cloudflare + Telco APIs,Quantum routing sim for edge optimization
Pricing & Economics,No freemium ramps,Fix No freemium ramps -> AI Adaptive No Freemium Ramps Engine,Dynamic ABR/CDN for no freemium ramps; 70% data savings,Cloudflare + Telco APIs,AI personalization
Pricing & Economics,Weak rural wallets,Fix Weak rural wallets -> AI Adaptive Weak Rural Wallets Engine,Dynamic ABR/CDN for weak rural wallets; 70% data savings,Cloudflare + Telco APIs,AI personalization
Pricing & Economics,Diaspora pricing mismatch,Fix Diaspora pricing mismatch -> AI Adaptive Diaspora Pricing Mismatch Engine,Dynamic ABR/CDN for diaspora pricing mismatch; 70% data savings,Cloudflare + Telco APIs,AI personalization
Creator Retention,Opaque rev-share,Fix Opaque rev-share -> AI Adaptive Opaque Rev-Share Engine,Dynamic ABR/CDN for opaque rev-share; 70% data savings,Cloudflare + Telco APIs,AI personalization
Creator Retention,No audience export,Fix No audience export -> AI Adaptive No Audience Export Engine,Dynamic ABR/CDN for no audience export; 70% data savings,Cloudflare + Telco APIs,AI personalization
Creator Retention,Fragmented rights,Fix Fragmented rights -> AI Adaptive Fragmented Rights Engine,Dynamic ABR/CDN for fragmented rights; 70% data savings,Cloudflare + Telco APIs,AI personalization
Creator Retention,Low originals,Fix Low originals -> AI Adaptive Low Originals Engine,Dynamic ABR/CDN for low originals; 70% data savings,Cloudflare + Telco APIs,AI personalization
